PDB code, PI_COUNT, NI_COUNT, AR_COUNT, H_COUNT, HBD_COUNT, HBA_COUNT, XBD_COUNT, XBA_COUNT, HVY_ATOM_COUNT, ROT_BOND_COUNT, TOTAL_HYD, LOGP, TPSA, ENV_HBA_OCC_SUM, ENV_HBA_OCC_MAX, ENV_HBD_OCC_SUM, ENV_HBD_OCC_MAX, PI_AR_SCORE_SUM, PI_AR_SCORE_MAX, AR_PI_SCORE_SUM, AR_PI_SCORE_MAX, H_H_SCORE_SUM, H_H_SCORE_MAX, AR_AR_SCORE_SUM, AR_AR_SCORE_MAX, HBD_HBA_SCORE_SUM, HBD_HBA_SCORE_MAX, HBA_HBD_SCORE_SUM, HBA_HBD_SCORE_MAX, XBD_XBA_SCORE_SUM, XBD_XBA_SCORE_MAX, ES_ENERGY, ES_ENERGY_SQRD_DIST, VDW_ENERGY_ATT, VDW_ENERGY_REP
5ncq,1.0,0.0,1.0,14.0,2.0,5.0,1.0,0.0,27.0,5.0,4.941705528143999,3.230135167939,38.2,8.409953751638062,7.551951486120285,0.0069959345276138,0.0059647527632631,1.7289368268673783e-09,1.7289368268673783e-09,1.5491355396490498e-13,1.5491355396490498e-13,19.094670697775356,3.504278530600162,0.0,0.0,1.039561854524104,0.872130514760662,0.0035883655409585,0.0018400856317167,2.6212513252998176e-05,2.6203573670746865e-05,-1.0239915024056303,-0.1315235981380054,-167.4515472799691,78.2014083476588
