Unnamed: 0,PDB code,Affinity Data Type,Affinity Data Value,pKd pKi pIC50,delta G,1/K
185,4jsz,Ki,5000000.0,2.3,-3.14,0.0
186,3kwa,Ki,84000.0,4.08,-5.56,1e-05
187,2weg,Kd,314.0,6.5,-8.87,0.00318
188,3ryj,Kd,16.0,7.8,-10.63,0.0625
189,3dd0,Ki,1.0,9.0,-12.27,1.0
260,3n7a,Ki,200000.0,3.7,-5.04,1e-05
261,4ciw,Ki,15000.0,4.82,-6.58,7e-05
262,3n86,Ki,2300.0,5.64,-7.69,0.00043
263,3n76,Ki,140.0,6.85,-9.34,0.00714
264,2xb8,Ki,26.0,7.59,-10.34,0.03846
